{
    "mean": [
        -144.21137279435712,
        19.368199402807537,
        -20.285719098269496,
        8.783775172760796,
        -10.043051054441904,
        4.812664212603907,
        -7.420421554405787,
        -2.918452341395872,
        -3.7006819218270457,
        0.5612301434265873,
        -5.25215312140079,
        -1.976601867520541,
        -2.8424515592906223,
        -2.845440219975599,
        -4.437701247617328,
        -0.42687405593458366,
        -2.706253722134557,
        -1.2812979338064479,
        -1.9965996229892455,
        -0.6498306160330223
    ],
    "max": [
        6.618977069854736,
        171.63540649414062,
        50.39842987060547,
        66.08950805664062,
        33.72831726074219,
        44.21587371826172,
        32.131248474121094,
        31.739761352539062,
        20.201473236083984,
        28.431554794311523,
        34.365516662597656,
        26.96652603149414,
        20.510021209716797,
        19.081226348876953,
        17.335561752319336,
        23.19338607788086,
        20.86270523071289,
        21.951499938964844,
        18.46503448486328,
        16.661237716674805
    ],
    "min": [
        -1131.370849609375,
        -40.4465217590332,
        -121.1002197265625,
        -26.254711151123047,
        -65.19929504394531,
        -27.33148765563965,
        -32.13440704345703,
        -30.649677276611328,
        -47.858795166015625,
        -30.412471771240234,
        -26.905244827270508,
        -23.421409606933594,
        -24.87831687927246,
        -19.147052764892578,
        -24.065406799316406,
        -18.364025115966797,
        -20.95355987548828,
        -19.277507781982422,
        -19.77756118774414,
        -18.250267028808594
    ]
}